epoch,original_stage,original_binary,auto_suggestion,final_binary,corrected
0,Non-REM,Non-REM,Non-REM,Non-REM,False
1,Non-REM,Non-REM,REM,Non-REM,False
2,Non-REM,Non-REM,Non-REM,Non-REM,False
3,Non-REM,Non-REM,Non-REM,Non-REM,False
4,Non-REM,Non-REM,Non-REM,Non-REM,False
5,Non-REM,Non-REM,Non-REM,Non-REM,False
6,Non-REM,Non-REM,Non-REM,Non-REM,False
7,Non-REM,Non-REM,Non-REM,Non-REM,False
8,Non-REM,Non-REM,Non-REM,Non-REM,False
9,Non-REM,Non-REM,Non-REM,Non-REM,False
10,Non-REM,Non-REM,REM,Non-REM,False
11,Non-REM,Non-REM,REM,REM,True
12,REM,REM,Non-REM,Non-REM,True
13,Non-REM,Non-REM,Non-REM,Non-REM,False
14,Non-REM,Non-REM,Non-REM,Non-REM,False
15,Non-REM,Non-REM,Non-REM,Non-REM,False
16,Non-REM,Non-REM,REM,REM,True
17,Non-REM,Non-REM,Non-REM,Non-REM,False
18,REM,REM,REM,REM,False
19,Non-REM,Non-REM,Non-REM,Non-REM,False
20,REM,REM,Non-REM,Non-REM,True
21,Non-REM,Non-REM,Non-REM,Non-REM,False
22,Non-REM,Non-REM,Non-REM,Non-REM,False
23,Non-REM,Non-REM,Non-REM,Non-REM,False
24,Non-REM,Non-REM,Non-REM,Non-REM,False
25,Non-REM,Non-REM,Non-REM,Non-REM,False
26,Non-REM,Non-REM,Non-REM,Non-REM,False
27,Non-REM,Non-REM,Non-REM,Non-REM,False
28,Non-REM,Non-REM,Non-REM,Non-REM,False
29,Non-REM,Non-REM,REM,Non-REM,False
30,Non-REM,Non-REM,Non-REM,Non-REM,False
31,Non-REM,Non-REM,Non-REM,Non-REM,False
32,REM,REM,Non-REM,REM,False
33,Non-REM,Non-REM,REM,REM,True
34,Non-REM,Non-REM,REM,REM,True
35,Non-REM,Non-REM,REM,REM,True
36,Non-REM,Non-REM,Non-REM,Non-REM,False
37,Non-REM,Non-REM,Non-REM,Non-REM,False
38,Non-REM,Non-REM,REM,REM,True
39,Non-REM,Non-REM,REM,REM,True
40,Non-REM,Non-REM,Non-REM,Non-REM,False
41,Non-REM,Non-REM,Non-REM,Non-REM,False
42,Non-REM,Non-REM,Non-REM,Non-REM,False
43,Non-REM,Non-REM,Non-REM,Non-REM,False
44,Non-REM,Non-REM,Non-REM,Non-REM,False
45,Non-REM,Non-REM,Non-REM,Non-REM,False
46,Non-REM,Non-REM,Non-REM,Non-REM,False
47,Non-REM,Non-REM,Non-REM,Non-REM,False
48,Non-REM,Non-REM,Non-REM,Non-REM,False
49,Non-REM,Non-REM,Non-REM,Non-REM,False
50,Non-REM,Non-REM,Non-REM,Non-REM,False
51,Non-REM,Non-REM,REM,Non-REM,False
52,Non-REM,Non-REM,REM,Non-REM,False
53,Non-REM,Non-REM,Non-REM,Non-REM,False
54,REM,REM,Non-REM,Non-REM,True
55,Non-REM,Non-REM,Non-REM,Non-REM,False
56,Non-REM,Non-REM,REM,Non-REM,False
57,Non-REM,Non-REM,Non-REM,Non-REM,False
58,Non-REM,Non-REM,REM,Non-REM,False
59,Non-REM,Non-REM,Non-REM,Non-REM,False
60,REM,REM,Non-REM,Non-REM,True
61,Non-REM,Non-REM,REM,Non-REM,False
62,Non-REM,Non-REM,Non-REM,Non-REM,False
63,Non-REM,Non-REM,Non-REM,Non-REM,False
64,Non-REM,Non-REM,REM,Non-REM,False
65,Non-REM,Non-REM,Non-REM,Non-REM,False
66,Non-REM,Non-REM,Non-REM,Non-REM,False
67,Non-REM,Non-REM,Non-REM,Non-REM,False
68,Non-REM,Non-REM,Non-REM,Non-REM,False
69,Non-REM,Non-REM,Non-REM,Non-REM,False
70,REM,REM,REM,REM,False
71,Non-REM,Non-REM,REM,Non-REM,False
72,REM,REM,Non-REM,Non-REM,True
73,Non-REM,Non-REM,Non-REM,Non-REM,False
74,Non-REM,Non-REM,Non-REM,Non-REM,False
75,Non-REM,Non-REM,Non-REM,Non-REM,False
76,Non-REM,Non-REM,Non-REM,Non-REM,False
77,Non-REM,Non-REM,Non-REM,Non-REM,False
78,REM,REM,REM,REM,False
79,Non-REM,Non-REM,Non-REM,Non-REM,False
80,Non-REM,Non-REM,Non-REM,Non-REM,False
81,Non-REM,Non-REM,Non-REM,Non-REM,False
82,Non-REM,Non-REM,Non-REM,Non-REM,False
83,Non-REM,Non-REM,REM,Non-REM,False
84,REM,REM,Non-REM,Non-REM,True
85,Non-REM,Non-REM,Non-REM,Non-REM,False
86,Non-REM,Non-REM,Non-REM,Non-REM,False
87,Non-REM,Non-REM,Non-REM,Non-REM,False
88,Non-REM,Non-REM,Non-REM,Non-REM,False
89,Non-REM,Non-REM,Non-REM,Non-REM,False
90,REM,REM,Non-REM,Non-REM,True
91,Non-REM,Non-REM,Non-REM,Non-REM,False
92,Non-REM,Non-REM,Non-REM,Non-REM,False
93,Non-REM,Non-REM,Non-REM,Non-REM,False
94,Non-REM,Non-REM,Non-REM,Non-REM,False
95,Non-REM,Non-REM,Non-REM,Non-REM,False
96,Non-REM,Non-REM,Non-REM,Non-REM,False
97,Non-REM,Non-REM,Non-REM,Non-REM,False
98,Non-REM,Non-REM,Non-REM,Non-REM,False
99,Non-REM,Non-REM,Non-REM,Non-REM,False
100,Non-REM,Non-REM,Non-REM,Non-REM,False
101,Non-REM,Non-REM,Non-REM,Non-REM,False
102,Non-REM,Non-REM,Non-REM,Non-REM,False
103,Non-REM,Non-REM,Non-REM,Non-REM,False
104,Non-REM,Non-REM,Non-REM,Non-REM,False
105,Non-REM,Non-REM,Non-REM,Non-REM,False
106,Non-REM,Non-REM,REM,Non-REM,False
107,Non-REM,Non-REM,Non-REM,Non-REM,False
108,REM,REM,Non-REM,Non-REM,True
109,Non-REM,Non-REM,REM,Non-REM,False
110,REM,REM,REM,REM,False
111,Non-REM,Non-REM,Non-REM,Non-REM,False
112,REM,REM,Non-REM,Non-REM,True
113,Non-REM,Non-REM,Non-REM,Non-REM,False
114,Non-REM,Non-REM,Non-REM,Non-REM,False
115,Non-REM,Non-REM,Non-REM,Non-REM,False
116,Non-REM,Non-REM,Non-REM,Non-REM,False
117,Non-REM,Non-REM,Non-REM,Non-REM,False
118,Non-REM,Non-REM,Non-REM,Non-REM,False
119,Non-REM,Non-REM,Non-REM,Non-REM,False
120,Non-REM,Non-REM,Non-REM,Non-REM,False
121,Non-REM,Non-REM,Non-REM,Non-REM,False
122,REM,REM,Non-REM,Non-REM,True
123,Non-REM,Non-REM,Non-REM,Non-REM,False
124,REM,REM,Non-REM,Non-REM,True
125,Non-REM,Non-REM,Non-REM,Non-REM,False
126,REM,REM,Non-REM,Non-REM,True
127,Non-REM,Non-REM,REM,Non-REM,False
128,REM,REM,Non-REM,Non-REM,True
129,Non-REM,Non-REM,Non-REM,Non-REM,False
130,Non-REM,Non-REM,Non-REM,Non-REM,False
131,Non-REM,Non-REM,Non-REM,Non-REM,False
132,Non-REM,Non-REM,Non-REM,Non-REM,False
133,Non-REM,Non-REM,Non-REM,Non-REM,False
134,Non-REM,Non-REM,Non-REM,Non-REM,False
135,Non-REM,Non-REM,Non-REM,Non-REM,False
136,Non-REM,Non-REM,Non-REM,Non-REM,False
137,Non-REM,Non-REM,Non-REM,Non-REM,False
138,Non-REM,Non-REM,Non-REM,Non-REM,False
139,Non-REM,Non-REM,Non-REM,Non-REM,False
140,Non-REM,Non-REM,Non-REM,Non-REM,False
141,Non-REM,Non-REM,Non-REM,Non-REM,False
142,REM,REM,Non-REM,Non-REM,True
143,Non-REM,Non-REM,Non-REM,Non-REM,False
144,Non-REM,Non-REM,Non-REM,Non-REM,False
145,Non-REM,Non-REM,Non-REM,Non-REM,False
146,Non-REM,Non-REM,REM,Non-REM,False
147,Non-REM,Non-REM,REM,Non-REM,False
148,Non-REM,Non-REM,Non-REM,Non-REM,False
149,Non-REM,Non-REM,Non-REM,Non-REM,False
150,Non-REM,Non-REM,Non-REM,Non-REM,False
151,Non-REM,Non-REM,Non-REM,Non-REM,False
152,Non-REM,Non-REM,Non-REM,Non-REM,False
153,Non-REM,Non-REM,Non-REM,Non-REM,False
154,Non-REM,Non-REM,Non-REM,Non-REM,False
155,Non-REM,Non-REM,Non-REM,Non-REM,False
156,Non-REM,Non-REM,Non-REM,Non-REM,False
157,Non-REM,Non-REM,REM,Non-REM,False
158,Non-REM,Non-REM,Non-REM,Non-REM,False
159,Non-REM,Non-REM,Non-REM,Non-REM,False
160,Non-REM,Non-REM,Non-REM,Non-REM,False
161,Non-REM,Non-REM,Non-REM,Non-REM,False
162,Non-REM,Non-REM,Non-REM,Non-REM,False
163,Non-REM,Non-REM,Non-REM,Non-REM,False
164,Non-REM,Non-REM,Non-REM,Non-REM,False
165,Non-REM,Non-REM,Non-REM,Non-REM,False
166,Non-REM,Non-REM,Non-REM,Non-REM,False
167,Non-REM,Non-REM,Non-REM,Non-REM,False
168,Non-REM,Non-REM,Non-REM,Non-REM,False
169,Non-REM,Non-REM,Non-REM,Non-REM,False
170,Non-REM,Non-REM,Non-REM,Non-REM,False
171,Non-REM,Non-REM,Non-REM,Non-REM,False
172,REM,REM,REM,REM,False
173,Non-REM,Non-REM,Non-REM,Non-REM,False
174,Non-REM,Non-REM,REM,Non-REM,False
175,Non-REM,Non-REM,Non-REM,Non-REM,False
176,Non-REM,Non-REM,Non-REM,Non-REM,False
177,Non-REM,Non-REM,Non-REM,Non-REM,False
178,Non-REM,Non-REM,Non-REM,Non-REM,False
179,Non-REM,Non-REM,Non-REM,Non-REM,False
180,Non-REM,Non-REM,REM,Non-REM,False
181,Non-REM,Non-REM,Non-REM,Non-REM,False
182,Non-REM,Non-REM,Non-REM,Non-REM,False
183,Non-REM,Non-REM,Non-REM,Non-REM,False
184,Non-REM,Non-REM,Non-REM,Non-REM,False
185,Non-REM,Non-REM,Non-REM,Non-REM,False
186,Non-REM,Non-REM,REM,Non-REM,False
187,Non-REM,Non-REM,Non-REM,Non-REM,False
188,Non-REM,Non-REM,Non-REM,Non-REM,False
189,Non-REM,Non-REM,Non-REM,Non-REM,False
190,Non-REM,Non-REM,Non-REM,Non-REM,False
191,Non-REM,Non-REM,REM,REM,True
192,Non-REM,Non-REM,Non-REM,Non-REM,False
193,Non-REM,Non-REM,Non-REM,Non-REM,False
194,Non-REM,Non-REM,Non-REM,Non-REM,False
195,Non-REM,Non-REM,REM,Non-REM,False
196,Non-REM,Non-REM,REM,Non-REM,False
197,Non-REM,Non-REM,Non-REM,Non-REM,False
198,Non-REM,Non-REM,REM,Non-REM,False
199,Non-REM,Non-REM,Non-REM,Non-REM,False
200,Non-REM,Non-REM,Non-REM,Non-REM,False
201,Non-REM,Non-REM,REM,Non-REM,False
202,Non-REM,Non-REM,Non-REM,Non-REM,False
203,Non-REM,Non-REM,Non-REM,Non-REM,False
204,Non-REM,Non-REM,Non-REM,Non-REM,False
205,Non-REM,Non-REM,REM,Non-REM,False
206,Non-REM,Non-REM,Non-REM,Non-REM,False
207,Non-REM,Non-REM,REM,Non-REM,False
208,Non-REM,Non-REM,Non-REM,Non-REM,False
209,Non-REM,Non-REM,Non-REM,Non-REM,False
210,Non-REM,Non-REM,Non-REM,Non-REM,False
211,Non-REM,Non-REM,Non-REM,Non-REM,False
212,Non-REM,Non-REM,Non-REM,Non-REM,False
213,Non-REM,Non-REM,Non-REM,Non-REM,False
214,Non-REM,Non-REM,Non-REM,Non-REM,False
215,Non-REM,Non-REM,Non-REM,Non-REM,False
216,Non-REM,Non-REM,REM,Non-REM,False
217,Non-REM,Non-REM,Non-REM,Non-REM,False
218,Non-REM,Non-REM,Non-REM,Non-REM,False
219,Non-REM,Non-REM,REM,Non-REM,False
220,Non-REM,Non-REM,Non-REM,Non-REM,False
221,Non-REM,Non-REM,Non-REM,Non-REM,False
222,Non-REM,Non-REM,Non-REM,Non-REM,False
223,Non-REM,Non-REM,REM,Non-REM,False
224,Non-REM,Non-REM,Non-REM,Non-REM,False
225,Non-REM,Non-REM,REM,REM,True
226,Non-REM,Non-REM,REM,Non-REM,False
227,Non-REM,Non-REM,REM,REM,True
228,Non-REM,Non-REM,REM,Non-REM,False
229,Non-REM,Non-REM,Non-REM,Non-REM,False
230,Non-REM,Non-REM,Non-REM,Non-REM,False
231,Non-REM,Non-REM,Non-REM,Non-REM,False
232,Non-REM,Non-REM,REM,REM,True
233,Non-REM,Non-REM,REM,Non-REM,False
234,Non-REM,Non-REM,Non-REM,Non-REM,False
235,Non-REM,Non-REM,REM,Non-REM,False
236,Non-REM,Non-REM,Non-REM,Non-REM,False
237,Non-REM,Non-REM,Non-REM,Non-REM,False
238,Non-REM,Non-REM,Non-REM,Non-REM,False
239,Non-REM,Non-REM,Non-REM,Non-REM,False
240,Non-REM,Non-REM,Non-REM,Non-REM,False
241,Non-REM,Non-REM,REM,Non-REM,False
242,Non-REM,Non-REM,REM,REM,True
243,Non-REM,Non-REM,REM,Non-REM,False
244,Non-REM,Non-REM,REM,REM,True
245,Non-REM,Non-REM,REM,Non-REM,False
246,Non-REM,Non-REM,Non-REM,Non-REM,False
247,Non-REM,Non-REM,Non-REM,Non-REM,False
248,Non-REM,Non-REM,Non-REM,Non-REM,False
249,Non-REM,Non-REM,Non-REM,Non-REM,False
250,Non-REM,Non-REM,Non-REM,Non-REM,False
251,Non-REM,Non-REM,Non-REM,Non-REM,False
252,Non-REM,Non-REM,Non-REM,Non-REM,False
253,Non-REM,Non-REM,Non-REM,Non-REM,False
254,REM,REM,Non-REM,Non-REM,True
255,Non-REM,Non-REM,REM,Non-REM,False
256,Non-REM,Non-REM,Non-REM,Non-REM,False
257,Non-REM,Non-REM,Non-REM,Non-REM,False
258,Non-REM,Non-REM,Non-REM,Non-REM,False
259,Non-REM,Non-REM,Non-REM,Non-REM,False
260,Non-REM,Non-REM,Non-REM,Non-REM,False
261,Non-REM,Non-REM,Non-REM,Non-REM,False
262,Non-REM,Non-REM,Non-REM,Non-REM,False
263,Non-REM,Non-REM,Non-REM,Non-REM,False
264,Non-REM,Non-REM,Non-REM,Non-REM,False
265,Non-REM,Non-REM,Non-REM,Non-REM,False
266,Non-REM,Non-REM,Non-REM,Non-REM,False
267,Non-REM,Non-REM,Non-REM,Non-REM,False
268,Non-REM,Non-REM,Non-REM,Non-REM,False
269,Non-REM,Non-REM,Non-REM,Non-REM,False
270,Non-REM,Non-REM,Non-REM,Non-REM,False
271,Non-REM,Non-REM,Non-REM,Non-REM,False
272,Non-REM,Non-REM,Non-REM,Non-REM,False
273,Non-REM,Non-REM,Non-REM,Non-REM,False
274,REM,REM,Non-REM,Non-REM,True
275,Non-REM,Non-REM,Non-REM,Non-REM,False
276,Non-REM,Non-REM,Non-REM,Non-REM,False
277,Non-REM,Non-REM,Non-REM,Non-REM,False
278,Non-REM,Non-REM,Non-REM,Non-REM,False
279,Non-REM,Non-REM,Non-REM,Non-REM,False
280,Non-REM,Non-REM,Non-REM,Non-REM,False
281,Non-REM,Non-REM,Non-REM,Non-REM,False
282,REM,REM,Non-REM,Non-REM,True
283,Non-REM,Non-REM,Non-REM,Non-REM,False
284,REM,REM,Non-REM,Non-REM,True
285,Non-REM,Non-REM,Non-REM,Non-REM,False
286,Non-REM,Non-REM,Non-REM,Non-REM,False
287,Non-REM,Non-REM,Non-REM,Non-REM,False
288,Non-REM,Non-REM,Non-REM,Non-REM,False
289,Non-REM,Non-REM,Non-REM,Non-REM,False
290,Non-REM,Non-REM,Non-REM,Non-REM,False
291,Non-REM,Non-REM,Non-REM,Non-REM,False
292,Non-REM,Non-REM,Non-REM,Non-REM,False
293,Non-REM,Non-REM,Non-REM,Non-REM,False
294,Non-REM,Non-REM,Non-REM,Non-REM,False
295,Non-REM,Non-REM,Non-REM,Non-REM,False
296,Non-REM,Non-REM,Non-REM,Non-REM,False
297,Non-REM,Non-REM,Non-REM,Non-REM,False
298,Non-REM,Non-REM,Non-REM,Non-REM,False
299,Non-REM,Non-REM,Non-REM,Non-REM,False
300,REM,REM,Non-REM,Non-REM,True
301,Non-REM,Non-REM,Non-REM,Non-REM,False
302,REM,REM,Non-REM,Non-REM,True
303,Non-REM,Non-REM,REM,Non-REM,False
304,Non-REM,Non-REM,REM,REM,True
305,Non-REM,Non-REM,REM,REM,True
306,Non-REM,Non-REM,Non-REM,Non-REM,False
307,Non-REM,Non-REM,Non-REM,Non-REM,False
308,REM,REM,Non-REM,Non-REM,True
309,Non-REM,Non-REM,Non-REM,Non-REM,False
310,REM,REM,Non-REM,Non-REM,True
311,Non-REM,Non-REM,Non-REM,Non-REM,False
312,Non-REM,Non-REM,Non-REM,Non-REM,False
313,Non-REM,Non-REM,Non-REM,Non-REM,False
314,Non-REM,Non-REM,Non-REM,Non-REM,False
315,Non-REM,Non-REM,Non-REM,Non-REM,False
316,Non-REM,Non-REM,Non-REM,Non-REM,False
317,Non-REM,Non-REM,Non-REM,Non-REM,False
318,Non-REM,Non-REM,Non-REM,Non-REM,False
319,Non-REM,Non-REM,Non-REM,Non-REM,False
320,Non-REM,Non-REM,REM,REM,True
321,Non-REM,Non-REM,Non-REM,Non-REM,False
322,Non-REM,Non-REM,Non-REM,Non-REM,False
323,Non-REM,Non-REM,Non-REM,Non-REM,False
324,Non-REM,Non-REM,Non-REM,Non-REM,False
325,Non-REM,Non-REM,Non-REM,Non-REM,False
326,Non-REM,Non-REM,Non-REM,Non-REM,False
327,Non-REM,Non-REM,REM,REM,True
328,Non-REM,Non-REM,REM,REM,True
329,Non-REM,Non-REM,REM,REM,True
330,REM,REM,REM,REM,False
331,Non-REM,Non-REM,Non-REM,Non-REM,False
332,Non-REM,Non-REM,Non-REM,Non-REM,False
333,Non-REM,Non-REM,Non-REM,Non-REM,False
334,Non-REM,Non-REM,Non-REM,Non-REM,False
335,Non-REM,Non-REM,Non-REM,Non-REM,False
336,REM,REM,Non-REM,Non-REM,True
337,Non-REM,Non-REM,Non-REM,Non-REM,False
338,REM,REM,Non-REM,Non-REM,True
339,Non-REM,Non-REM,Non-REM,Non-REM,False
340,REM,REM,Non-REM,Non-REM,True
341,Non-REM,Non-REM,Non-REM,Non-REM,False
342,Non-REM,Non-REM,Non-REM,Non-REM,False
343,Non-REM,Non-REM,Non-REM,Non-REM,False
344,REM,REM,Non-REM,Non-REM,True
345,Non-REM,Non-REM,Non-REM,Non-REM,False
346,REM,REM,REM,REM,False
347,Non-REM,Non-REM,Non-REM,Non-REM,False
348,Non-REM,Non-REM,Non-REM,Non-REM,False
349,Non-REM,Non-REM,Non-REM,Non-REM,False
350,Non-REM,Non-REM,Non-REM,Non-REM,False
351,Non-REM,Non-REM,Non-REM,Non-REM,False
352,Non-REM,Non-REM,Non-REM,Non-REM,False
353,Non-REM,Non-REM,Non-REM,Non-REM,False
354,Non-REM,Non-REM,Non-REM,Non-REM,False
355,Non-REM,Non-REM,Non-REM,Non-REM,False
356,Non-REM,Non-REM,Non-REM,Non-REM,False
357,Non-REM,Non-REM,Non-REM,Non-REM,False
358,Non-REM,Non-REM,Non-REM,Non-REM,False
359,Non-REM,Non-REM,Non-REM,Non-REM,False
360,Non-REM,Non-REM,Non-REM,Non-REM,False
361,Non-REM,Non-REM,Non-REM,Non-REM,False
362,Non-REM,Non-REM,Non-REM,Non-REM,False
363,Non-REM,Non-REM,Non-REM,Non-REM,False
364,Non-REM,Non-REM,REM,REM,True
365,Non-REM,Non-REM,Non-REM,Non-REM,False
366,Non-REM,Non-REM,Non-REM,Non-REM,False
367,Non-REM,Non-REM,Non-REM,Non-REM,False
368,Non-REM,Non-REM,Non-REM,Non-REM,False
369,Non-REM,Non-REM,Non-REM,Non-REM,False
370,Non-REM,Non-REM,Non-REM,Non-REM,False
371,Non-REM,Non-REM,Non-REM,Non-REM,False
372,REM,REM,Non-REM,Non-REM,True
373,Non-REM,Non-REM,Non-REM,Non-REM,False
374,Non-REM,Non-REM,REM,REM,True
375,Non-REM,Non-REM,REM,REM,True
376,Non-REM,Non-REM,REM,REM,True
377,Non-REM,Non-REM,Non-REM,Non-REM,False
378,Non-REM,Non-REM,Non-REM,Non-REM,False
379,Non-REM,Non-REM,Non-REM,Non-REM,False
380,Non-REM,Non-REM,Non-REM,Non-REM,False
381,Non-REM,Non-REM,Non-REM,Non-REM,False
382,Non-REM,Non-REM,Non-REM,Non-REM,False
383,Non-REM,Non-REM,Non-REM,Non-REM,False
384,Non-REM,Non-REM,Non-REM,Non-REM,False
385,Non-REM,Non-REM,Non-REM,Non-REM,False
386,Non-REM,Non-REM,Non-REM,Non-REM,False
387,Non-REM,Non-REM,Non-REM,Non-REM,False
388,Non-REM,Non-REM,Non-REM,Non-REM,False
389,Non-REM,Non-REM,Non-REM,Non-REM,False
390,Non-REM,Non-REM,Non-REM,Non-REM,False
391,Non-REM,Non-REM,Non-REM,Non-REM,False
392,Non-REM,Non-REM,Non-REM,Non-REM,False
393,Non-REM,Non-REM,Non-REM,Non-REM,False
394,Non-REM,Non-REM,REM,Non-REM,False
395,Non-REM,Non-REM,Non-REM,Non-REM,False
396,Non-REM,Non-REM,Non-REM,Non-REM,False
397,Non-REM,Non-REM,Non-REM,Non-REM,False
398,Non-REM,Non-REM,Non-REM,Non-REM,False
399,Non-REM,Non-REM,REM,Non-REM,False
400,Non-REM,Non-REM,Non-REM,Non-REM,False
401,Non-REM,Non-REM,Non-REM,Non-REM,False
402,Non-REM,Non-REM,Non-REM,Non-REM,False
403,Non-REM,Non-REM,Non-REM,Non-REM,False
404,Non-REM,Non-REM,Non-REM,Non-REM,False
405,Non-REM,Non-REM,Non-REM,Non-REM,False
406,Non-REM,Non-REM,Non-REM,Non-REM,False
407,Non-REM,Non-REM,REM,Non-REM,False
408,Non-REM,Non-REM,Non-REM,Non-REM,False
409,Non-REM,Non-REM,Non-REM,Non-REM,False
410,Non-REM,Non-REM,Non-REM,Non-REM,False
411,Non-REM,Non-REM,REM,Non-REM,False
412,Non-REM,Non-REM,Non-REM,Non-REM,False
413,Non-REM,Non-REM,Non-REM,Non-REM,False
414,Non-REM,Non-REM,Non-REM,Non-REM,False
415,Non-REM,Non-REM,Non-REM,Non-REM,False
416,REM,REM,Non-REM,Non-REM,True
417,Non-REM,Non-REM,Non-REM,Non-REM,False
418,Non-REM,Non-REM,Non-REM,Non-REM,False
419,Non-REM,Non-REM,Non-REM,Non-REM,False
420,Non-REM,Non-REM,Non-REM,Non-REM,False
421,Non-REM,Non-REM,Non-REM,Non-REM,False
422,Non-REM,Non-REM,Non-REM,Non-REM,False
423,Non-REM,Non-REM,REM,Non-REM,False
424,Non-REM,Non-REM,Non-REM,Non-REM,False
425,Non-REM,Non-REM,Non-REM,Non-REM,False
426,REM,REM,Non-REM,Non-REM,True
427,Non-REM,Non-REM,Non-REM,Non-REM,False
428,Non-REM,Non-REM,Non-REM,Non-REM,False
429,Non-REM,Non-REM,Non-REM,Non-REM,False
430,Non-REM,Non-REM,Non-REM,Non-REM,False
431,Non-REM,Non-REM,Non-REM,Non-REM,False
432,Non-REM,Non-REM,Non-REM,Non-REM,False
433,Non-REM,Non-REM,Non-REM,Non-REM,False
434,REM,REM,Non-REM,Non-REM,True
435,Non-REM,Non-REM,Non-REM,Non-REM,False
436,Non-REM,Non-REM,Non-REM,Non-REM,False
437,Non-REM,Non-REM,Non-REM,Non-REM,False
438,Non-REM,Non-REM,Non-REM,Non-REM,False
439,Non-REM,Non-REM,Non-REM,Non-REM,False
440,Non-REM,Non-REM,Non-REM,Non-REM,False
441,Non-REM,Non-REM,Non-REM,Non-REM,False
442,Non-REM,Non-REM,REM,Non-REM,False
443,Non-REM,Non-REM,Non-REM,Non-REM,False
444,Non-REM,Non-REM,Non-REM,Non-REM,False
445,Non-REM,Non-REM,REM,Non-REM,False
446,Non-REM,Non-REM,REM,Non-REM,False
447,Non-REM,Non-REM,REM,Non-REM,False
448,Non-REM,Non-REM,Non-REM,Non-REM,False
449,Non-REM,Non-REM,REM,REM,True
450,Non-REM,Non-REM,REM,Non-REM,False
451,Non-REM,Non-REM,Non-REM,Non-REM,False
452,REM,REM,Non-REM,Non-REM,True
453,Non-REM,Non-REM,Non-REM,Non-REM,False
454,Non-REM,Non-REM,Non-REM,Non-REM,False
455,Non-REM,Non-REM,Non-REM,Non-REM,False
456,Non-REM,Non-REM,Non-REM,Non-REM,False
457,Non-REM,Non-REM,Non-REM,Non-REM,False
458,Non-REM,Non-REM,Non-REM,Non-REM,False
459,Non-REM,Non-REM,Non-REM,Non-REM,False
460,Non-REM,Non-REM,Non-REM,Non-REM,False
461,Non-REM,Non-REM,Non-REM,Non-REM,False
462,Non-REM,Non-REM,Non-REM,Non-REM,False
463,Non-REM,Non-REM,Non-REM,Non-REM,False
464,Non-REM,Non-REM,Non-REM,Non-REM,False
465,Non-REM,Non-REM,Non-REM,Non-REM,False
466,REM,REM,Non-REM,Non-REM,True
467,Non-REM,Non-REM,REM,Non-REM,False
468,Non-REM,Non-REM,Non-REM,Non-REM,False
469,Non-REM,Non-REM,Non-REM,Non-REM,False
470,Non-REM,Non-REM,Non-REM,Non-REM,False
471,Non-REM,Non-REM,Non-REM,Non-REM,False
472,REM,REM,Non-REM,Non-REM,True
473,Non-REM,Non-REM,Non-REM,Non-REM,False
474,REM,REM,Non-REM,Non-REM,True
475,Non-REM,Non-REM,Non-REM,Non-REM,False
476,REM,REM,Non-REM,Non-REM,True
477,Non-REM,Non-REM,Non-REM,Non-REM,False
478,Non-REM,Non-REM,Non-REM,Non-REM,False
479,Non-REM,Non-REM,Non-REM,Non-REM,False
480,Non-REM,Non-REM,Non-REM,Non-REM,False
481,Non-REM,Non-REM,Non-REM,Non-REM,False
482,REM,REM,Non-REM,Non-REM,True
483,Non-REM,Non-REM,Non-REM,Non-REM,False
484,REM,REM,Non-REM,Non-REM,True
485,Non-REM,Non-REM,Non-REM,Non-REM,False
486,Non-REM,Non-REM,REM,Non-REM,False
487,Non-REM,Non-REM,Non-REM,Non-REM,False
488,Non-REM,Non-REM,Non-REM,Non-REM,False
489,Non-REM,Non-REM,Non-REM,Non-REM,False
490,REM,REM,Non-REM,Non-REM,True
491,Non-REM,Non-REM,Non-REM,Non-REM,False
492,Non-REM,Non-REM,Non-REM,Non-REM,False
493,Non-REM,Non-REM,REM,Non-REM,False
494,Non-REM,Non-REM,Non-REM,Non-REM,False
495,Non-REM,Non-REM,REM,Non-REM,False
496,Non-REM,Non-REM,Non-REM,Non-REM,False
497,Non-REM,Non-REM,REM,Non-REM,False
498,REM,REM,Non-REM,Non-REM,True
499,Non-REM,Non-REM,Non-REM,Non-REM,False
500,REM,REM,Non-REM,Non-REM,True
501,Non-REM,Non-REM,REM,Non-REM,False
502,REM,REM,Non-REM,Non-REM,True
503,Non-REM,Non-REM,Non-REM,Non-REM,False
504,REM,REM,REM,REM,False
505,Non-REM,Non-REM,REM,Non-REM,False
506,REM,REM,REM,REM,False
507,Non-REM,Non-REM,REM,Non-REM,False
508,Non-REM,Non-REM,REM,Non-REM,False
509,Non-REM,Non-REM,Non-REM,Non-REM,False
510,Non-REM,Non-REM,Non-REM,Non-REM,False
511,Non-REM,Non-REM,Non-REM,Non-REM,False
512,REM,REM,Non-REM,Non-REM,True
513,Non-REM,Non-REM,Non-REM,Non-REM,False
514,REM,REM,Non-REM,Non-REM,True
515,Non-REM,Non-REM,Non-REM,Non-REM,False
516,REM,REM,Non-REM,Non-REM,True
517,Non-REM,Non-REM,Non-REM,Non-REM,False
518,Non-REM,Non-REM,Non-REM,Non-REM,False
519,Non-REM,Non-REM,Non-REM,Non-REM,False
520,Non-REM,Non-REM,Non-REM,Non-REM,False
521,Non-REM,Non-REM,Non-REM,Non-REM,False
522,Non-REM,Non-REM,Non-REM,Non-REM,False
523,Non-REM,Non-REM,Non-REM,Non-REM,False
524,Non-REM,Non-REM,Non-REM,Non-REM,False
525,Non-REM,Non-REM,Non-REM,Non-REM,False
526,Non-REM,Non-REM,Non-REM,Non-REM,False
527,Non-REM,Non-REM,Non-REM,Non-REM,False
528,Non-REM,Non-REM,Non-REM,Non-REM,False
529,Non-REM,Non-REM,Non-REM,Non-REM,False
530,Non-REM,Non-REM,Non-REM,Non-REM,False
531,Non-REM,Non-REM,Non-REM,Non-REM,False
532,Non-REM,Non-REM,Non-REM,Non-REM,False
533,Non-REM,Non-REM,Non-REM,Non-REM,False
534,REM,REM,Non-REM,Non-REM,True
535,Non-REM,Non-REM,Non-REM,Non-REM,False
536,Non-REM,Non-REM,Non-REM,Non-REM,False
537,Non-REM,Non-REM,REM,Non-REM,False
538,REM,REM,Non-REM,Non-REM,True
539,Non-REM,Non-REM,Non-REM,Non-REM,False
540,Non-REM,Non-REM,Non-REM,Non-REM,False
541,Non-REM,Non-REM,Non-REM,Non-REM,False
542,Non-REM,Non-REM,Non-REM,Non-REM,False
543,Non-REM,Non-REM,REM,Non-REM,False
544,REM,REM,REM,REM,False
545,Non-REM,Non-REM,Non-REM,Non-REM,False
546,REM,REM,Non-REM,Non-REM,True
547,Non-REM,Non-REM,Non-REM,Non-REM,False
548,Non-REM,Non-REM,Non-REM,Non-REM,False
549,Non-REM,Non-REM,Non-REM,Non-REM,False
550,REM,REM,Non-REM,Non-REM,True
551,Non-REM,Non-REM,REM,Non-REM,False
552,REM,REM,REM,REM,False
553,Non-REM,Non-REM,Non-REM,Non-REM,False
554,REM,REM,Non-REM,Non-REM,True
555,Non-REM,Non-REM,REM,Non-REM,False
556,REM,REM,Non-REM,Non-REM,True
557,Non-REM,Non-REM,Non-REM,Non-REM,False
558,REM,REM,Non-REM,Non-REM,True
559,Non-REM,Non-REM,Non-REM,Non-REM,False
560,Non-REM,Non-REM,Non-REM,Non-REM,False
561,Non-REM,Non-REM,Non-REM,Non-REM,False
562,REM,REM,Non-REM,Non-REM,True
563,Non-REM,Non-REM,Non-REM,Non-REM,False
564,REM,REM,Non-REM,Non-REM,True
565,Non-REM,Non-REM,Non-REM,Non-REM,False
566,REM,REM,Non-REM,Non-REM,True
567,Non-REM,Non-REM,Non-REM,Non-REM,False
568,Non-REM,Non-REM,REM,Non-REM,False
569,Non-REM,Non-REM,Non-REM,Non-REM,False
570,Non-REM,Non-REM,REM,Non-REM,False
571,Non-REM,Non-REM,Non-REM,Non-REM,False
572,Non-REM,Non-REM,Non-REM,Non-REM,False
573,Non-REM,Non-REM,REM,Non-REM,False
574,Non-REM,Non-REM,Non-REM,Non-REM,False
575,Non-REM,Non-REM,Non-REM,Non-REM,False
576,Non-REM,Non-REM,Non-REM,Non-REM,False
577,Non-REM,Non-REM,REM,Non-REM,False
578,Non-REM,Non-REM,Non-REM,Non-REM,False
579,Non-REM,Non-REM,Non-REM,Non-REM,False
580,Non-REM,Non-REM,Non-REM,Non-REM,False
581,Non-REM,Non-REM,Non-REM,Non-REM,False
582,Non-REM,Non-REM,Non-REM,Non-REM,False
583,Non-REM,Non-REM,Non-REM,Non-REM,False
584,Non-REM,Non-REM,Non-REM,Non-REM,False
585,Non-REM,Non-REM,Non-REM,Non-REM,False
586,Non-REM,Non-REM,Non-REM,Non-REM,False
587,Non-REM,Non-REM,Non-REM,Non-REM,False
588,Non-REM,Non-REM,Non-REM,Non-REM,False
589,Non-REM,Non-REM,Non-REM,Non-REM,False
590,Non-REM,Non-REM,Non-REM,Non-REM,False
591,Non-REM,Non-REM,REM,Non-REM,False
592,Non-REM,Non-REM,Non-REM,Non-REM,False
593,Non-REM,Non-REM,REM,Non-REM,False
594,REM,REM,REM,REM,False
595,Non-REM,Non-REM,Non-REM,Non-REM,False
596,Non-REM,Non-REM,Non-REM,Non-REM,False
597,Non-REM,Non-REM,Non-REM,Non-REM,False
598,Non-REM,Non-REM,Non-REM,Non-REM,False
599,Non-REM,Non-REM,Non-REM,Non-REM,False
600,Non-REM,Non-REM,Non-REM,Non-REM,False
601,Non-REM,Non-REM,Non-REM,Non-REM,False
602,REM,REM,Non-REM,Non-REM,True
603,Non-REM,Non-REM,REM,Non-REM,False
604,Non-REM,Non-REM,Non-REM,Non-REM,False
605,Non-REM,Non-REM,REM,Non-REM,False
606,Non-REM,Non-REM,REM,Non-REM,False
607,Non-REM,Non-REM,REM,Non-REM,False
608,Non-REM,Non-REM,Non-REM,Non-REM,False
609,Non-REM,Non-REM,REM,Non-REM,False
610,Non-REM,Non-REM,Non-REM,Non-REM,False
611,Non-REM,Non-REM,REM,REM,True
612,Non-REM,Non-REM,REM,REM,True
613,Non-REM,Non-REM,REM,REM,True
614,Non-REM,Non-REM,REM,Non-REM,False
615,Non-REM,Non-REM,Non-REM,Non-REM,False
616,Non-REM,Non-REM,Non-REM,Non-REM,False
617,Non-REM,Non-REM,Non-REM,Non-REM,False
618,Non-REM,Non-REM,Non-REM,Non-REM,False
619,Non-REM,Non-REM,Non-REM,Non-REM,False
620,Non-REM,Non-REM,Non-REM,Non-REM,False
621,Non-REM,Non-REM,Non-REM,Non-REM,False
622,Non-REM,Non-REM,Non-REM,Non-REM,False
623,Non-REM,Non-REM,Non-REM,Non-REM,False
624,Non-REM,Non-REM,Non-REM,Non-REM,False
625,Non-REM,Non-REM,REM,Non-REM,False
626,Non-REM,Non-REM,Non-REM,Non-REM,False
627,Non-REM,Non-REM,Non-REM,Non-REM,False
628,Non-REM,Non-REM,Non-REM,Non-REM,False
629,Non-REM,Non-REM,Non-REM,Non-REM,False
630,Non-REM,Non-REM,Non-REM,Non-REM,False
631,Non-REM,Non-REM,Non-REM,Non-REM,False
632,Non-REM,Non-REM,Non-REM,Non-REM,False
633,Non-REM,Non-REM,Non-REM,Non-REM,False
634,Non-REM,Non-REM,Non-REM,Non-REM,False
635,Non-REM,Non-REM,REM,Non-REM,False
636,Non-REM,Non-REM,REM,Non-REM,False
637,Non-REM,Non-REM,Non-REM,Non-REM,False
638,Non-REM,Non-REM,Non-REM,Non-REM,False
639,Non-REM,Non-REM,Non-REM,Non-REM,False
640,Non-REM,Non-REM,Non-REM,Non-REM,False
641,Non-REM,Non-REM,Non-REM,Non-REM,False
642,REM,REM,Non-REM,Non-REM,True
643,Non-REM,Non-REM,Non-REM,Non-REM,False
644,REM,REM,Non-REM,Non-REM,True
645,Non-REM,Non-REM,REM,Non-REM,False
646,REM,REM,Non-REM,Non-REM,True
647,Non-REM,Non-REM,Non-REM,Non-REM,False
648,REM,REM,Non-REM,Non-REM,True
649,Non-REM,Non-REM,Non-REM,Non-REM,False
650,Non-REM,Non-REM,Non-REM,Non-REM,False
651,Non-REM,Non-REM,Non-REM,Non-REM,False
652,Non-REM,Non-REM,REM,Non-REM,False
653,Non-REM,Non-REM,REM,Non-REM,False
654,Non-REM,Non-REM,Non-REM,Non-REM,False
655,Non-REM,Non-REM,REM,Non-REM,False
656,Non-REM,Non-REM,Non-REM,Non-REM,False
657,Non-REM,Non-REM,Non-REM,Non-REM,False
658,Non-REM,Non-REM,Non-REM,Non-REM,False
659,Non-REM,Non-REM,Non-REM,Non-REM,False
660,Non-REM,Non-REM,Non-REM,Non-REM,False
661,Non-REM,Non-REM,Non-REM,Non-REM,False
662,Non-REM,Non-REM,Non-REM,Non-REM,False
663,Non-REM,Non-REM,Non-REM,Non-REM,False
664,Non-REM,Non-REM,Non-REM,Non-REM,False
665,Non-REM,Non-REM,Non-REM,Non-REM,False
666,Non-REM,Non-REM,REM,Non-REM,False
667,Non-REM,Non-REM,Non-REM,Non-REM,False
668,Non-REM,Non-REM,REM,REM,True
669,Non-REM,Non-REM,REM,Non-REM,False
670,Non-REM,Non-REM,Non-REM,Non-REM,False
671,Non-REM,Non-REM,REM,Non-REM,False
672,Non-REM,Non-REM,Non-REM,Non-REM,False
673,Non-REM,Non-REM,Non-REM,Non-REM,False
674,Non-REM,Non-REM,REM,Non-REM,False
675,Non-REM,Non-REM,Non-REM,Non-REM,False
676,Non-REM,Non-REM,Non-REM,Non-REM,False
677,Non-REM,Non-REM,Non-REM,Non-REM,False
678,Non-REM,Non-REM,REM,Non-REM,False
679,Non-REM,Non-REM,Non-REM,Non-REM,False
680,REM,REM,Non-REM,Non-REM,True
681,Non-REM,Non-REM,Non-REM,Non-REM,False
682,REM,REM,Non-REM,Non-REM,True
683,Non-REM,Non-REM,Non-REM,Non-REM,False
684,Non-REM,Non-REM,Non-REM,Non-REM,False
685,Non-REM,Non-REM,Non-REM,Non-REM,False
686,REM,REM,Non-REM,Non-REM,True
687,Non-REM,Non-REM,Non-REM,Non-REM,False
688,REM,REM,Non-REM,Non-REM,True
689,Non-REM,Non-REM,Non-REM,Non-REM,False
690,REM,REM,Non-REM,Non-REM,True
691,Non-REM,Non-REM,Non-REM,Non-REM,False
692,Non-REM,Non-REM,Non-REM,Non-REM,False
693,Non-REM,Non-REM,Non-REM,Non-REM,False
694,Non-REM,Non-REM,Non-REM,Non-REM,False
695,Non-REM,Non-REM,Non-REM,Non-REM,False
696,Non-REM,Non-REM,Non-REM,Non-REM,False
697,Non-REM,Non-REM,Non-REM,Non-REM,False
698,Non-REM,Non-REM,Non-REM,Non-REM,False
699,Non-REM,Non-REM,Non-REM,Non-REM,False
700,Non-REM,Non-REM,Non-REM,Non-REM,False
701,Non-REM,Non-REM,Non-REM,Non-REM,False
702,Non-REM,Non-REM,Non-REM,Non-REM,False
703,Non-REM,Non-REM,Non-REM,Non-REM,False
704,Non-REM,Non-REM,Non-REM,Non-REM,False
705,Non-REM,Non-REM,Non-REM,Non-REM,False
706,Non-REM,Non-REM,REM,Non-REM,False
707,Non-REM,Non-REM,REM,Non-REM,False
708,Non-REM,Non-REM,REM,Non-REM,False
709,Non-REM,Non-REM,Non-REM,Non-REM,False
710,Non-REM,Non-REM,Non-REM,Non-REM,False
711,Non-REM,Non-REM,Non-REM,Non-REM,False
712,Non-REM,Non-REM,Non-REM,Non-REM,False
713,Non-REM,Non-REM,Non-REM,Non-REM,False
714,Non-REM,Non-REM,Non-REM,Non-REM,False
715,Non-REM,Non-REM,Non-REM,Non-REM,False
716,Non-REM,Non-REM,Non-REM,Non-REM,False
717,Non-REM,Non-REM,Non-REM,Non-REM,False
718,Non-REM,Non-REM,Non-REM,Non-REM,False
719,Non-REM,Non-REM,Non-REM,Non-REM,False
720,REM,REM,Non-REM,Non-REM,True
721,Non-REM,Non-REM,Non-REM,Non-REM,False
722,REM,REM,REM,REM,False
723,Non-REM,Non-REM,Non-REM,Non-REM,False
724,REM,REM,Non-REM,Non-REM,True
725,Non-REM,Non-REM,REM,Non-REM,False
726,REM,REM,Non-REM,Non-REM,True
727,Non-REM,Non-REM,Non-REM,Non-REM,False
728,Non-REM,Non-REM,Non-REM,Non-REM,False
729,Non-REM,Non-REM,Non-REM,Non-REM,False
730,Non-REM,Non-REM,Non-REM,Non-REM,False
731,Non-REM,Non-REM,Non-REM,Non-REM,False
732,Non-REM,Non-REM,Non-REM,Non-REM,False
733,Non-REM,Non-REM,Non-REM,Non-REM,False
734,Non-REM,Non-REM,Non-REM,Non-REM,False
735,Non-REM,Non-REM,Non-REM,Non-REM,False
736,REM,REM,Non-REM,Non-REM,True
737,Non-REM,Non-REM,Non-REM,Non-REM,False
738,Non-REM,Non-REM,Non-REM,Non-REM,False
739,Non-REM,Non-REM,Non-REM,Non-REM,False
740,Non-REM,Non-REM,REM,Non-REM,False
741,Non-REM,Non-REM,Non-REM,Non-REM,False
742,Non-REM,Non-REM,Non-REM,Non-REM,False
743,Non-REM,Non-REM,Non-REM,Non-REM,False
744,Non-REM,Non-REM,Non-REM,Non-REM,False
745,Non-REM,Non-REM,Non-REM,Non-REM,False
746,REM,REM,Non-REM,Non-REM,True
747,Non-REM,Non-REM,REM,Non-REM,False
748,Non-REM,Non-REM,Non-REM,Non-REM,False
749,Non-REM,Non-REM,Non-REM,Non-REM,False
750,REM,REM,Non-REM,Non-REM,True
751,Non-REM,Non-REM,Non-REM,Non-REM,False
752,REM,REM,Non-REM,Non-REM,True
753,Non-REM,Non-REM,REM,REM,True
754,REM,REM,Non-REM,Non-REM,True
755,Non-REM,Non-REM,Non-REM,Non-REM,False
756,REM,REM,Non-REM,Non-REM,True
757,Non-REM,Non-REM,Non-REM,Non-REM,False
758,REM,REM,Non-REM,Non-REM,True
759,Non-REM,Non-REM,Non-REM,Non-REM,False
760,Non-REM,Non-REM,Non-REM,Non-REM,False
761,Non-REM,Non-REM,Non-REM,Non-REM,False
762,Non-REM,Non-REM,Non-REM,Non-REM,False
763,Non-REM,Non-REM,Non-REM,Non-REM,False
764,REM,REM,Non-REM,REM,False
765,Non-REM,Non-REM,REM,Non-REM,False
766,Non-REM,Non-REM,Non-REM,Non-REM,False
767,Non-REM,Non-REM,Non-REM,Non-REM,False
768,REM,REM,REM,REM,False
769,Non-REM,Non-REM,Non-REM,Non-REM,False
770,Non-REM,Non-REM,REM,Non-REM,False
771,Non-REM,Non-REM,Non-REM,Non-REM,False
772,Non-REM,Non-REM,Non-REM,Non-REM,False
773,Non-REM,Non-REM,Non-REM,Non-REM,False
774,Non-REM,Non-REM,Non-REM,Non-REM,False
775,Non-REM,Non-REM,Non-REM,Non-REM,False
776,REM,REM,Non-REM,Non-REM,True
777,Non-REM,Non-REM,Non-REM,Non-REM,False
778,Non-REM,Non-REM,Non-REM,Non-REM,False
779,Non-REM,Non-REM,Non-REM,Non-REM,False
780,Non-REM,Non-REM,Non-REM,Non-REM,False
781,Non-REM,Non-REM,Non-REM,Non-REM,False
782,Non-REM,Non-REM,Non-REM,Non-REM,False
783,Non-REM,Non-REM,Non-REM,Non-REM,False
784,REM,REM,Non-REM,Non-REM,True
785,Non-REM,Non-REM,Non-REM,Non-REM,False
786,Non-REM,Non-REM,Non-REM,Non-REM,False
787,Non-REM,Non-REM,Non-REM,Non-REM,False
788,REM,REM,Non-REM,Non-REM,True
789,Non-REM,Non-REM,Non-REM,Non-REM,False
790,REM,REM,Non-REM,Non-REM,True
791,Non-REM,Non-REM,Non-REM,Non-REM,False
792,REM,REM,Non-REM,Non-REM,True
793,Non-REM,Non-REM,Non-REM,Non-REM,False
794,REM,REM,Non-REM,Non-REM,True
795,Non-REM,Non-REM,Non-REM,Non-REM,False
796,Non-REM,Non-REM,Non-REM,Non-REM,False
797,Non-REM,Non-REM,Non-REM,Non-REM,False
798,Non-REM,Non-REM,Non-REM,Non-REM,False
799,Non-REM,Non-REM,Non-REM,Non-REM,False
800,Non-REM,Non-REM,Non-REM,Non-REM,False
801,Non-REM,Non-REM,Non-REM,Non-REM,False
802,REM,REM,Non-REM,Non-REM,True
803,Non-REM,Non-REM,Non-REM,Non-REM,False
804,REM,REM,Non-REM,Non-REM,True
805,Non-REM,Non-REM,Non-REM,Non-REM,False
806,REM,REM,Non-REM,Non-REM,True
807,Non-REM,Non-REM,Non-REM,Non-REM,False
808,Non-REM,Non-REM,Non-REM,Non-REM,False
809,Non-REM,Non-REM,Non-REM,Non-REM,False
810,Non-REM,Non-REM,Non-REM,Non-REM,False
811,Non-REM,Non-REM,Non-REM,Non-REM,False
812,Non-REM,Non-REM,Non-REM,Non-REM,False
813,Non-REM,Non-REM,Non-REM,Non-REM,False
814,Non-REM,Non-REM,Non-REM,Non-REM,False
815,Non-REM,Non-REM,Non-REM,Non-REM,False
816,REM,REM,Non-REM,Non-REM,True
817,Non-REM,Non-REM,Non-REM,Non-REM,False
818,REM,REM,Non-REM,Non-REM,True
819,Non-REM,Non-REM,Non-REM,Non-REM,False
820,Non-REM,Non-REM,Non-REM,Non-REM,False
821,Non-REM,Non-REM,Non-REM,Non-REM,False
822,Non-REM,Non-REM,Non-REM,Non-REM,False
823,Non-REM,Non-REM,Non-REM,Non-REM,False
824,Non-REM,Non-REM,Non-REM,Non-REM,False
825,Non-REM,Non-REM,Non-REM,Non-REM,False
826,Non-REM,Non-REM,REM,Non-REM,False
827,Non-REM,Non-REM,Non-REM,Non-REM,False
828,REM,REM,Non-REM,Non-REM,True
829,Non-REM,Non-REM,Non-REM,Non-REM,False
830,Non-REM,Non-REM,Non-REM,Non-REM,False
831,Non-REM,Non-REM,Non-REM,Non-REM,False
832,Non-REM,Non-REM,Non-REM,Non-REM,False
833,Non-REM,Non-REM,Non-REM,Non-REM,False
834,Non-REM,Non-REM,Non-REM,Non-REM,False
835,Non-REM,Non-REM,Non-REM,Non-REM,False
836,Non-REM,Non-REM,Non-REM,Non-REM,False
837,Non-REM,Non-REM,Non-REM,Non-REM,False
838,Non-REM,Non-REM,Non-REM,Non-REM,False
839,Non-REM,Non-REM,Non-REM,Non-REM,False
840,Non-REM,Non-REM,Non-REM,Non-REM,False
841,Non-REM,Non-REM,Non-REM,Non-REM,False
842,Non-REM,Non-REM,Non-REM,Non-REM,False
843,Non-REM,Non-REM,Non-REM,Non-REM,False
844,Non-REM,Non-REM,Non-REM,Non-REM,False
845,Non-REM,Non-REM,Non-REM,Non-REM,False
846,Non-REM,Non-REM,Non-REM,Non-REM,False
847,Non-REM,Non-REM,Non-REM,Non-REM,False
848,Non-REM,Non-REM,Non-REM,Non-REM,False
849,Non-REM,Non-REM,Non-REM,Non-REM,False
850,REM,REM,Non-REM,Non-REM,True
851,Non-REM,Non-REM,Non-REM,Non-REM,False
852,Non-REM,Non-REM,Non-REM,Non-REM,False
853,Non-REM,Non-REM,Non-REM,Non-REM,False
854,Non-REM,Non-REM,Non-REM,Non-REM,False
855,Non-REM,Non-REM,Non-REM,Non-REM,False
856,Non-REM,Non-REM,Non-REM,Non-REM,False
857,Non-REM,Non-REM,Non-REM,Non-REM,False
858,Non-REM,Non-REM,Non-REM,Non-REM,False
859,Non-REM,Non-REM,Non-REM,Non-REM,False
860,Non-REM,Non-REM,Non-REM,Non-REM,False
861,Non-REM,Non-REM,Non-REM,Non-REM,False
862,Non-REM,Non-REM,Non-REM,Non-REM,False
863,Non-REM,Non-REM,Non-REM,Non-REM,False
864,REM,REM,Non-REM,Non-REM,True
865,Non-REM,Non-REM,Non-REM,Non-REM,False
866,REM,REM,Non-REM,Non-REM,True
867,Non-REM,Non-REM,Non-REM,Non-REM,False
868,REM,REM,Non-REM,Non-REM,True
869,Non-REM,Non-REM,Non-REM,Non-REM,False
870,Non-REM,Non-REM,Non-REM,Non-REM,False
871,Non-REM,Non-REM,Non-REM,Non-REM,False
872,Non-REM,Non-REM,Non-REM,Non-REM,False
873,Non-REM,Non-REM,Non-REM,Non-REM,False
874,Non-REM,Non-REM,Non-REM,Non-REM,False
875,Non-REM,Non-REM,Non-REM,Non-REM,False
876,Non-REM,Non-REM,Non-REM,Non-REM,False
877,Non-REM,Non-REM,Non-REM,Non-REM,False
878,Non-REM,Non-REM,Non-REM,Non-REM,False
879,Non-REM,Non-REM,Non-REM,Non-REM,False
880,Non-REM,Non-REM,Non-REM,Non-REM,False
881,Non-REM,Non-REM,Non-REM,Non-REM,False
882,REM,REM,Non-REM,Non-REM,True
883,Non-REM,Non-REM,Non-REM,Non-REM,False
884,Non-REM,Non-REM,Non-REM,Non-REM,False
885,Non-REM,Non-REM,Non-REM,Non-REM,False
886,Non-REM,Non-REM,Non-REM,Non-REM,False
887,Non-REM,Non-REM,Non-REM,Non-REM,False
888,Non-REM,Non-REM,Non-REM,Non-REM,False
889,Non-REM,Non-REM,Non-REM,Non-REM,False
890,Non-REM,Non-REM,Non-REM,Non-REM,False
891,Non-REM,Non-REM,Non-REM,Non-REM,False
892,Non-REM,Non-REM,Non-REM,Non-REM,False
893,Non-REM,Non-REM,Non-REM,Non-REM,False
894,Non-REM,Non-REM,Non-REM,Non-REM,False
895,Non-REM,Non-REM,Non-REM,Non-REM,False
896,Non-REM,Non-REM,Non-REM,Non-REM,False
897,Non-REM,Non-REM,Non-REM,Non-REM,False
898,REM,REM,Non-REM,Non-REM,True
899,Non-REM,Non-REM,Non-REM,Non-REM,False
900,Non-REM,Non-REM,Non-REM,Non-REM,False
901,Non-REM,Non-REM,Non-REM,Non-REM,False
902,Non-REM,Non-REM,Non-REM,Non-REM,False
903,Non-REM,Non-REM,Non-REM,Non-REM,False
904,Non-REM,Non-REM,Non-REM,Non-REM,False
905,Non-REM,Non-REM,Non-REM,Non-REM,False
906,Non-REM,Non-REM,Non-REM,Non-REM,False
907,Non-REM,Non-REM,Non-REM,Non-REM,False
908,Non-REM,Non-REM,Non-REM,Non-REM,False
909,Non-REM,Non-REM,Non-REM,Non-REM,False
910,REM,REM,Non-REM,Non-REM,True
911,Non-REM,Non-REM,Non-REM,Non-REM,False
912,REM,REM,Non-REM,Non-REM,True
913,Non-REM,Non-REM,Non-REM,Non-REM,False
914,Non-REM,Non-REM,Non-REM,Non-REM,False
915,Non-REM,Non-REM,Non-REM,Non-REM,False
916,Non-REM,Non-REM,REM,Non-REM,False
917,Non-REM,Non-REM,Non-REM,Non-REM,False
918,Non-REM,Non-REM,Non-REM,Non-REM,False
919,Non-REM,Non-REM,Non-REM,Non-REM,False
920,REM,REM,Non-REM,Non-REM,True
921,Non-REM,Non-REM,Non-REM,Non-REM,False
922,Non-REM,Non-REM,Non-REM,Non-REM,False
923,Non-REM,Non-REM,REM,Non-REM,False
924,Non-REM,Non-REM,Non-REM,Non-REM,False
925,Non-REM,Non-REM,Non-REM,Non-REM,False
926,Non-REM,Non-REM,Non-REM,Non-REM,False
927,Non-REM,Non-REM,Non-REM,Non-REM,False
928,Non-REM,Non-REM,Non-REM,Non-REM,False
929,Non-REM,Non-REM,Non-REM,Non-REM,False
930,Non-REM,Non-REM,Non-REM,Non-REM,False
931,Non-REM,Non-REM,Non-REM,Non-REM,False
932,Non-REM,Non-REM,Non-REM,Non-REM,False
933,Non-REM,Non-REM,Non-REM,Non-REM,False
934,REM,REM,Non-REM,Non-REM,True
935,Non-REM,Non-REM,Non-REM,Non-REM,False
936,Non-REM,Non-REM,Non-REM,Non-REM,False
937,Non-REM,Non-REM,Non-REM,Non-REM,False
938,Non-REM,Non-REM,Non-REM,Non-REM,False
939,Non-REM,Non-REM,REM,Non-REM,False
940,Non-REM,Non-REM,Non-REM,Non-REM,False
941,Non-REM,Non-REM,Non-REM,Non-REM,False
942,Non-REM,Non-REM,Non-REM,Non-REM,False
943,Non-REM,Non-REM,Non-REM,Non-REM,False
944,Non-REM,Non-REM,Non-REM,Non-REM,False
945,Non-REM,Non-REM,Non-REM,Non-REM,False
946,Non-REM,Non-REM,Non-REM,Non-REM,False
947,Non-REM,Non-REM,Non-REM,Non-REM,False
948,Non-REM,Non-REM,Non-REM,Non-REM,False
949,Non-REM,Non-REM,Non-REM,Non-REM,False
950,REM,REM,Non-REM,Non-REM,True
951,Non-REM,Non-REM,Non-REM,Non-REM,False
952,Non-REM,Non-REM,Non-REM,Non-REM,False
953,Non-REM,Non-REM,Non-REM,Non-REM,False
954,REM,REM,Non-REM,Non-REM,True
955,Non-REM,Non-REM,Non-REM,Non-REM,False
956,REM,REM,Non-REM,Non-REM,True
957,Non-REM,Non-REM,Non-REM,Non-REM,False
958,REM,REM,REM,REM,False
959,Non-REM,Non-REM,Non-REM,Non-REM,False
960,REM,REM,REM,REM,False
961,Non-REM,Non-REM,Non-REM,Non-REM,False
962,Non-REM,Non-REM,Non-REM,Non-REM,False
963,Non-REM,Non-REM,Non-REM,Non-REM,False
964,Non-REM,Non-REM,Non-REM,Non-REM,False
965,Non-REM,Non-REM,Non-REM,Non-REM,False
966,Non-REM,Non-REM,Non-REM,Non-REM,False
967,Non-REM,Non-REM,REM,Non-REM,False
968,Non-REM,Non-REM,Non-REM,Non-REM,False
969,Non-REM,Non-REM,Non-REM,Non-REM,False
970,Non-REM,Non-REM,Non-REM,Non-REM,False
971,Non-REM,Non-REM,Non-REM,Non-REM,False
972,Non-REM,Non-REM,Non-REM,Non-REM,False
973,Non-REM,Non-REM,Non-REM,Non-REM,False
974,Non-REM,Non-REM,Non-REM,Non-REM,False
975,Non-REM,Non-REM,REM,Non-REM,False
976,Non-REM,Non-REM,Non-REM,Non-REM,False
977,Non-REM,Non-REM,Non-REM,Non-REM,False
978,Non-REM,Non-REM,Non-REM,Non-REM,False
979,Non-REM,Non-REM,Non-REM,Non-REM,False
980,Non-REM,Non-REM,Non-REM,Non-REM,False
981,Non-REM,Non-REM,Non-REM,Non-REM,False
982,Non-REM,Non-REM,Non-REM,Non-REM,False
983,Non-REM,Non-REM,Non-REM,Non-REM,False
984,Non-REM,Non-REM,REM,Non-REM,False
985,Non-REM,Non-REM,Non-REM,Non-REM,False
986,REM,REM,Non-REM,REM,False
987,Non-REM,Non-REM,Non-REM,Non-REM,False
988,Non-REM,Non-REM,Non-REM,Non-REM,False
989,Non-REM,Non-REM,REM,Non-REM,False
990,Non-REM,Non-REM,Non-REM,Non-REM,False
991,Non-REM,Non-REM,Non-REM,Non-REM,False
992,Non-REM,Non-REM,Non-REM,Non-REM,False
993,Non-REM,Non-REM,Non-REM,Non-REM,False
994,Non-REM,Non-REM,Non-REM,Non-REM,False
995,Non-REM,Non-REM,Non-REM,Non-REM,False
996,REM,REM,Non-REM,REM,False
997,Non-REM,Non-REM,Non-REM,Non-REM,False
998,Non-REM,Non-REM,Non-REM,Non-REM,False
999,Non-REM,Non-REM,Non-REM,Non-REM,False
1000,REM,REM,Non-REM,REM,False
1001,Non-REM,Non-REM,Non-REM,Non-REM,False
1002,REM,REM,Non-REM,REM,False
1003,Non-REM,Non-REM,Non-REM,Non-REM,False
1004,Non-REM,Non-REM,Non-REM,Non-REM,False
1005,Non-REM,Non-REM,Non-REM,Non-REM,False
1006,Non-REM,Non-REM,Non-REM,Non-REM,False
1007,Non-REM,Non-REM,Non-REM,Non-REM,False
1008,REM,REM,Non-REM,REM,False
1009,Non-REM,Non-REM,Non-REM,Non-REM,False
1010,REM,REM,Non-REM,REM,False
1011,Non-REM,Non-REM,Non-REM,Non-REM,False
1012,Non-REM,Non-REM,Non-REM,Non-REM,False
1013,Non-REM,Non-REM,Non-REM,Non-REM,False
1014,Non-REM,Non-REM,Non-REM,Non-REM,False
1015,Non-REM,Non-REM,Non-REM,Non-REM,False
1016,Non-REM,Non-REM,Non-REM,Non-REM,False
1017,Non-REM,Non-REM,Non-REM,Non-REM,False
1018,REM,REM,Non-REM,REM,False
1019,Non-REM,Non-REM,Non-REM,Non-REM,False
1020,REM,REM,Non-REM,REM,False
1021,Non-REM,Non-REM,Non-REM,Non-REM,False
1022,REM,REM,Non-REM,REM,False
1023,Non-REM,Non-REM,Non-REM,Non-REM,False
1024,Non-REM,Non-REM,Non-REM,Non-REM,False
1025,Non-REM,Non-REM,Non-REM,Non-REM,False
1026,REM,REM,Non-REM,REM,False
1027,Non-REM,Non-REM,Non-REM,Non-REM,False
1028,Non-REM,Non-REM,Non-REM,Non-REM,False
1029,Non-REM,Non-REM,Non-REM,Non-REM,False
1030,REM,REM,Non-REM,REM,False
1031,Non-REM,Non-REM,Non-REM,Non-REM,False
1032,Non-REM,Non-REM,REM,REM,True
1033,Non-REM,Non-REM,Non-REM,Non-REM,False
1034,Non-REM,Non-REM,Non-REM,Non-REM,False
1035,Non-REM,Non-REM,Non-REM,Non-REM,False
1036,Non-REM,Non-REM,REM,Non-REM,False
1037,Non-REM,Non-REM,Non-REM,Non-REM,False
1038,Non-REM,Non-REM,Non-REM,Non-REM,False
1039,Non-REM,Non-REM,Non-REM,Non-REM,False
1040,Non-REM,Non-REM,Non-REM,Non-REM,False
1041,Non-REM,Non-REM,Non-REM,Non-REM,False
1042,Non-REM,Non-REM,Non-REM,Non-REM,False
1043,Non-REM,Non-REM,Non-REM,Non-REM,False
1044,Non-REM,Non-REM,Non-REM,Non-REM,False
1045,Non-REM,Non-REM,Non-REM,Non-REM,False
1046,Non-REM,Non-REM,Non-REM,Non-REM,False
1047,Non-REM,Non-REM,Non-REM,Non-REM,False
1048,Non-REM,Non-REM,Non-REM,Non-REM,False
1049,Non-REM,Non-REM,REM,Non-REM,False
1050,REM,REM,Non-REM,REM,False
1051,Non-REM,Non-REM,Non-REM,Non-REM,False
1052,REM,REM,Non-REM,REM,False
1053,Non-REM,Non-REM,Non-REM,Non-REM,False
1054,REM,REM,Non-REM,REM,False
1055,Non-REM,Non-REM,Non-REM,Non-REM,False
1056,Non-REM,Non-REM,REM,Non-REM,False
1057,Non-REM,Non-REM,Non-REM,Non-REM,False
1058,Non-REM,Non-REM,Non-REM,Non-REM,False
1059,Non-REM,Non-REM,Non-REM,Non-REM,False
1060,Non-REM,Non-REM,Non-REM,Non-REM,False
1061,Non-REM,Non-REM,Non-REM,Non-REM,False
1062,REM,REM,Non-REM,REM,False
1063,Non-REM,Non-REM,Non-REM,Non-REM,False
1064,Non-REM,Non-REM,REM,REM,True
1065,Non-REM,Non-REM,REM,Non-REM,False
1066,REM,REM,Non-REM,REM,False
1067,Non-REM,Non-REM,Non-REM,Non-REM,False
1068,Non-REM,Non-REM,Non-REM,Non-REM,False
1069,Non-REM,Non-REM,Non-REM,Non-REM,False
1070,REM,REM,Non-REM,REM,False
1071,Non-REM,Non-REM,Non-REM,Non-REM,False
1072,Non-REM,Non-REM,Non-REM,Non-REM,False
1073,Non-REM,Non-REM,Non-REM,Non-REM,False
1074,Non-REM,Non-REM,Non-REM,Non-REM,False
1075,Non-REM,Non-REM,Non-REM,Non-REM,False
1076,REM,REM,Non-REM,REM,False
1077,Non-REM,Non-REM,Non-REM,Non-REM,False
1078,REM,REM,REM,REM,False
1079,Non-REM,Non-REM,REM,Non-REM,False
1080,Non-REM,Non-REM,Non-REM,Non-REM,False
1081,Non-REM,Non-REM,Non-REM,Non-REM,False
1082,REM,REM,Non-REM,REM,False
1083,Non-REM,Non-REM,Non-REM,Non-REM,False
1084,Non-REM,Non-REM,Non-REM,Non-REM,False
1085,Non-REM,Non-REM,Non-REM,Non-REM,False
1086,Non-REM,Non-REM,Non-REM,Non-REM,False
1087,Non-REM,Non-REM,Non-REM,Non-REM,False
1088,REM,REM,Non-REM,REM,False
1089,Non-REM,Non-REM,Non-REM,Non-REM,False
1090,REM,REM,Non-REM,REM,False
1091,Non-REM,Non-REM,Non-REM,Non-REM,False
1092,REM,REM,Non-REM,REM,False
1093,Non-REM,Non-REM,Non-REM,Non-REM,False
1094,REM,REM,REM,REM,False
1095,Non-REM,Non-REM,Non-REM,Non-REM,False
1096,Non-REM,Non-REM,Non-REM,Non-REM,False
1097,Non-REM,Non-REM,Non-REM,Non-REM,False
1098,REM,REM,Non-REM,REM,False
1099,Non-REM,Non-REM,REM,Non-REM,False
1100,Non-REM,Non-REM,Non-REM,Non-REM,False
1101,Non-REM,Non-REM,Non-REM,Non-REM,False
1102,Non-REM,Non-REM,Non-REM,Non-REM,False
1103,Non-REM,Non-REM,Non-REM,Non-REM,False
1104,Non-REM,Non-REM,Non-REM,Non-REM,False
1105,Non-REM,Non-REM,REM,Non-REM,False
1106,REM,REM,Non-REM,REM,False
1107,Non-REM,Non-REM,REM,Non-REM,False
1108,Non-REM,Non-REM,REM,Non-REM,False
1109,Non-REM,Non-REM,Non-REM,Non-REM,False
1110,Non-REM,Non-REM,Non-REM,Non-REM,False
1111,Non-REM,Non-REM,Non-REM,Non-REM,False
1112,Non-REM,Non-REM,Non-REM,Non-REM,False
1113,Non-REM,Non-REM,REM,Non-REM,False
1114,Non-REM,Non-REM,Non-REM,Non-REM,False
1115,Non-REM,Non-REM,REM,Non-REM,False
1116,Non-REM,Non-REM,Non-REM,Non-REM,False
1117,Non-REM,Non-REM,Non-REM,Non-REM,False
1118,REM,REM,Non-REM,REM,False
1119,Non-REM,Non-REM,REM,Non-REM,False
1120,Non-REM,Non-REM,REM,Non-REM,False
1121,Non-REM,Non-REM,REM,Non-REM,False
1122,Non-REM,Non-REM,Non-REM,Non-REM,False
1123,Non-REM,Non-REM,Non-REM,Non-REM,False
1124,Non-REM,Non-REM,Non-REM,Non-REM,False
1125,Non-REM,Non-REM,REM,REM,True
1126,Non-REM,Non-REM,REM,Non-REM,False
1127,Non-REM,Non-REM,REM,Non-REM,False
1128,REM,REM,Non-REM,REM,False
1129,Non-REM,Non-REM,REM,Non-REM,False
1130,REM,REM,REM,REM,False
1131,Non-REM,Non-REM,REM,Non-REM,False
1132,Non-REM,Non-REM,Non-REM,Non-REM,False
1133,Non-REM,Non-REM,Non-REM,Non-REM,False
1134,Non-REM,Non-REM,Non-REM,Non-REM,False
1135,Non-REM,Non-REM,Non-REM,Non-REM,False
1136,Non-REM,Non-REM,Non-REM,Non-REM,False
1137,Non-REM,Non-REM,REM,Non-REM,False
1138,Non-REM,Non-REM,Non-REM,Non-REM,False
1139,Non-REM,Non-REM,Non-REM,Non-REM,False
1140,Non-REM,Non-REM,Non-REM,Non-REM,False
1141,Non-REM,Non-REM,REM,Non-REM,False
1142,Non-REM,Non-REM,Non-REM,Non-REM,False
1143,Non-REM,Non-REM,Non-REM,Non-REM,False
1144,Non-REM,Non-REM,Non-REM,Non-REM,False
1145,Non-REM,Non-REM,Non-REM,Non-REM,False
1146,Non-REM,Non-REM,Non-REM,Non-REM,False
1147,Non-REM,Non-REM,Non-REM,Non-REM,False
1148,Non-REM,Non-REM,Non-REM,Non-REM,False
1149,Non-REM,Non-REM,Non-REM,Non-REM,False
1150,Non-REM,Non-REM,REM,Non-REM,False
1151,Non-REM,Non-REM,Non-REM,Non-REM,False
1152,Non-REM,Non-REM,REM,Non-REM,False
1153,Non-REM,Non-REM,REM,Non-REM,False
1154,Non-REM,Non-REM,Non-REM,Non-REM,False
1155,Non-REM,Non-REM,Non-REM,Non-REM,False
1156,REM,REM,Non-REM,REM,False
1157,Non-REM,Non-REM,Non-REM,Non-REM,False
1158,Non-REM,Non-REM,Non-REM,Non-REM,False
1159,Non-REM,Non-REM,Non-REM,Non-REM,False
1160,Non-REM,Non-REM,Non-REM,Non-REM,False
1161,Non-REM,Non-REM,Non-REM,Non-REM,False
1162,REM,REM,REM,REM,False
1163,Non-REM,Non-REM,Non-REM,Non-REM,False
1164,Non-REM,Non-REM,REM,Non-REM,False
1165,Non-REM,Non-REM,REM,Non-REM,False
1166,Non-REM,Non-REM,REM,Non-REM,False
1167,Non-REM,Non-REM,Non-REM,Non-REM,False
1168,Non-REM,Non-REM,REM,Non-REM,False
1169,Non-REM,Non-REM,Non-REM,Non-REM,False
1170,REM,REM,REM,REM,False
1171,Non-REM,Non-REM,REM,Non-REM,False
1172,Non-REM,Non-REM,Non-REM,Non-REM,False
1173,Non-REM,Non-REM,Non-REM,Non-REM,False
1174,Non-REM,Non-REM,Non-REM,Non-REM,False
1175,Non-REM,Non-REM,Non-REM,Non-REM,False
1176,Non-REM,Non-REM,Non-REM,Non-REM,False
1177,Non-REM,Non-REM,Non-REM,Non-REM,False
1178,Non-REM,Non-REM,REM,Non-REM,False
1179,Non-REM,Non-REM,Non-REM,Non-REM,False
1180,Non-REM,Non-REM,Non-REM,Non-REM,False
1181,Non-REM,Non-REM,REM,Non-REM,False
1182,Non-REM,Non-REM,Non-REM,Non-REM,False
1183,Non-REM,Non-REM,REM,Non-REM,False
1184,Non-REM,Non-REM,Non-REM,Non-REM,False
1185,Non-REM,Non-REM,Non-REM,Non-REM,False
1186,Non-REM,Non-REM,Non-REM,Non-REM,False
1187,Non-REM,Non-REM,Non-REM,Non-REM,False
1188,Non-REM,Non-REM,REM,Non-REM,False
1189,Non-REM,Non-REM,Non-REM,Non-REM,False
1190,Non-REM,Non-REM,REM,Non-REM,False
1191,Non-REM,Non-REM,REM,Non-REM,False
1192,Non-REM,Non-REM,REM,Non-REM,False
1193,Non-REM,Non-REM,REM,Non-REM,False
1194,Non-REM,Non-REM,REM,Non-REM,False
1195,Non-REM,Non-REM,REM,Non-REM,False
1196,Non-REM,Non-REM,REM,Non-REM,False
1197,Non-REM,Non-REM,REM,REM,True
1198,Non-REM,Non-REM,REM,Non-REM,False
1199,Non-REM,Non-REM,Non-REM,Non-REM,False
1200,REM,REM,Non-REM,REM,False
1201,Non-REM,Non-REM,Non-REM,Non-REM,False
1202,REM,REM,Non-REM,REM,False
1203,Non-REM,Non-REM,REM,Non-REM,False
1204,Non-REM,Non-REM,Non-REM,Non-REM,False
1205,Non-REM,Non-REM,Non-REM,Non-REM,False
1206,Non-REM,Non-REM,Non-REM,Non-REM,False
1207,Non-REM,Non-REM,Non-REM,Non-REM,False
1208,Non-REM,Non-REM,Non-REM,Non-REM,False
1209,Non-REM,Non-REM,Non-REM,Non-REM,False
1210,Non-REM,Non-REM,REM,REM,True
1211,Non-REM,Non-REM,REM,Non-REM,False
1212,Non-REM,Non-REM,Non-REM,Non-REM,False
1213,Non-REM,Non-REM,Non-REM,Non-REM,False
1214,Non-REM,Non-REM,Non-REM,Non-REM,False
1215,Non-REM,Non-REM,REM,Non-REM,False
1216,Non-REM,Non-REM,Non-REM,Non-REM,False
1217,Non-REM,Non-REM,Non-REM,Non-REM,False
1218,Non-REM,Non-REM,REM,Non-REM,False
1219,Non-REM,Non-REM,Non-REM,Non-REM,False
1220,Non-REM,Non-REM,Non-REM,Non-REM,False
1221,Non-REM,Non-REM,REM,Non-REM,False
1222,Non-REM,Non-REM,Non-REM,Non-REM,False
1223,Non-REM,Non-REM,REM,Non-REM,False
1224,Non-REM,Non-REM,Non-REM,Non-REM,False
1225,Non-REM,Non-REM,REM,Non-REM,False
1226,Non-REM,Non-REM,Non-REM,Non-REM,False
1227,Non-REM,Non-REM,Non-REM,Non-REM,False
1228,Non-REM,Non-REM,REM,Non-REM,False
1229,Non-REM,Non-REM,REM,REM,True
1230,Non-REM,Non-REM,REM,Non-REM,False
1231,Non-REM,Non-REM,Non-REM,Non-REM,False
1232,Non-REM,Non-REM,REM,Non-REM,False
1233,Non-REM,Non-REM,REM,Non-REM,False
1234,Non-REM,Non-REM,Non-REM,Non-REM,False
1235,Non-REM,Non-REM,Non-REM,Non-REM,False
1236,Non-REM,Non-REM,REM,Non-REM,False
1237,Non-REM,Non-REM,Non-REM,Non-REM,False
1238,Non-REM,Non-REM,Non-REM,Non-REM,False
1239,Non-REM,Non-REM,Non-REM,Non-REM,False
1240,Non-REM,Non-REM,Non-REM,Non-REM,False
1241,Non-REM,Non-REM,REM,Non-REM,False
1242,Non-REM,Non-REM,Non-REM,Non-REM,False
1243,Non-REM,Non-REM,Non-REM,Non-REM,False
1244,Non-REM,Non-REM,Non-REM,Non-REM,False
1245,Non-REM,Non-REM,Non-REM,Non-REM,False
1246,Non-REM,Non-REM,Non-REM,Non-REM,False
1247,Non-REM,Non-REM,Non-REM,Non-REM,False
1248,Non-REM,Non-REM,Non-REM,Non-REM,False
1249,Non-REM,Non-REM,REM,REM,True
1250,Non-REM,Non-REM,REM,Non-REM,False
1251,Non-REM,Non-REM,REM,Non-REM,False
1252,Non-REM,Non-REM,REM,Non-REM,False
1253,Non-REM,Non-REM,Non-REM,Non-REM,False
1254,Non-REM,Non-REM,Non-REM,Non-REM,False
1255,Non-REM,Non-REM,REM,Non-REM,False
1256,Non-REM,Non-REM,Non-REM,Non-REM,False
1257,Non-REM,Non-REM,Non-REM,Non-REM,False
1258,Non-REM,Non-REM,Non-REM,Non-REM,False
1259,Non-REM,Non-REM,Non-REM,Non-REM,False
1260,REM,REM,REM,REM,False
1261,Non-REM,Non-REM,Non-REM,Non-REM,False
1262,Non-REM,Non-REM,REM,Non-REM,False
1263,Non-REM,Non-REM,Non-REM,Non-REM,False
1264,Non-REM,Non-REM,Non-REM,Non-REM,False
1265,Non-REM,Non-REM,Non-REM,Non-REM,False
1266,Non-REM,Non-REM,Non-REM,Non-REM,False
1267,Non-REM,Non-REM,REM,Non-REM,False
1268,Non-REM,Non-REM,REM,Non-REM,False
1269,Non-REM,Non-REM,Non-REM,Non-REM,False
1270,Non-REM,Non-REM,Non-REM,Non-REM,False
1271,Non-REM,Non-REM,REM,Non-REM,False
1272,Non-REM,Non-REM,REM,Non-REM,False
1273,Non-REM,Non-REM,Non-REM,Non-REM,False
1274,REM,REM,Non-REM,REM,False
1275,Non-REM,Non-REM,Non-REM,Non-REM,False
1276,Non-REM,Non-REM,REM,Non-REM,False
1277,Non-REM,Non-REM,REM,Non-REM,False
1278,Non-REM,Non-REM,Non-REM,Non-REM,False
1279,Non-REM,Non-REM,REM,Non-REM,False
1280,Non-REM,Non-REM,REM,Non-REM,False
1281,Non-REM,Non-REM,Non-REM,Non-REM,False
1282,Non-REM,Non-REM,REM,Non-REM,False
1283,Non-REM,Non-REM,REM,Non-REM,False
1284,Non-REM,Non-REM,REM,Non-REM,False
1285,Non-REM,Non-REM,Non-REM,Non-REM,False
1286,Non-REM,Non-REM,REM,Non-REM,False
1287,Non-REM,Non-REM,Non-REM,Non-REM,False
1288,Non-REM,Non-REM,Non-REM,Non-REM,False
1289,Non-REM,Non-REM,Non-REM,Non-REM,False
1290,Non-REM,Non-REM,Non-REM,Non-REM,False
1291,Non-REM,Non-REM,Non-REM,Non-REM,False
1292,Non-REM,Non-REM,REM,REM,True
1293,Non-REM,Non-REM,REM,Non-REM,False
1294,Non-REM,Non-REM,Non-REM,Non-REM,False
1295,Non-REM,Non-REM,REM,Non-REM,False
1296,Non-REM,Non-REM,REM,Non-REM,False
1297,Non-REM,Non-REM,REM,Non-REM,False
1298,Non-REM,Non-REM,REM,Non-REM,False
1299,Non-REM,Non-REM,REM,Non-REM,False
1300,REM,REM,Non-REM,REM,False
1301,Non-REM,Non-REM,Non-REM,Non-REM,False
1302,REM,REM,Non-REM,REM,False
1303,Non-REM,Non-REM,Non-REM,Non-REM,False
1304,Non-REM,Non-REM,REM,Non-REM,False
1305,Non-REM,Non-REM,REM,REM,True
1306,Non-REM,Non-REM,REM,Non-REM,False
1307,Non-REM,Non-REM,REM,Non-REM,False
1308,Non-REM,Non-REM,REM,Non-REM,False
1309,Non-REM,Non-REM,REM,Non-REM,False
1310,Non-REM,Non-REM,Non-REM,Non-REM,False
1311,Non-REM,Non-REM,REM,Non-REM,False
1312,Non-REM,Non-REM,REM,Non-REM,False
1313,Non-REM,Non-REM,Non-REM,Non-REM,False
1314,Non-REM,Non-REM,Non-REM,Non-REM,False
1315,Non-REM,Non-REM,Non-REM,Non-REM,False
1316,Non-REM,Non-REM,Non-REM,Non-REM,False
1317,Non-REM,Non-REM,Non-REM,Non-REM,False
1318,Non-REM,Non-REM,Non-REM,Non-REM,False
1319,Non-REM,Non-REM,REM,Non-REM,False
1320,Non-REM,Non-REM,REM,Non-REM,False
1321,Non-REM,Non-REM,REM,Non-REM,False
1322,REM,REM,REM,REM,False
1323,Non-REM,Non-REM,Non-REM,Non-REM,False
1324,Non-REM,Non-REM,Non-REM,Non-REM,False
1325,Non-REM,Non-REM,Non-REM,Non-REM,False
1326,Non-REM,Non-REM,Non-REM,Non-REM,False
1327,Non-REM,Non-REM,Non-REM,Non-REM,False
1328,Non-REM,Non-REM,REM,Non-REM,False
1329,Non-REM,Non-REM,Non-REM,Non-REM,False
1330,REM,REM,Non-REM,REM,False
1331,Non-REM,Non-REM,Non-REM,Non-REM,False
1332,Non-REM,Non-REM,Non-REM,Non-REM,False
1333,Non-REM,Non-REM,REM,Non-REM,False
1334,Non-REM,Non-REM,REM,Non-REM,False
1335,Non-REM,Non-REM,REM,Non-REM,False
1336,Non-REM,Non-REM,Non-REM,Non-REM,False
1337,Non-REM,Non-REM,REM,Non-REM,False
1338,REM,REM,REM,REM,False
1339,Non-REM,Non-REM,Non-REM,Non-REM,False
1340,Non-REM,Non-REM,REM,Non-REM,False
1341,Non-REM,Non-REM,REM,Non-REM,False
1342,Non-REM,Non-REM,REM,Non-REM,False
1343,Non-REM,Non-REM,REM,Non-REM,False
1344,Non-REM,Non-REM,Non-REM,Non-REM,False
1345,Non-REM,Non-REM,Non-REM,Non-REM,False
1346,Non-REM,Non-REM,Non-REM,Non-REM,False
1347,Non-REM,Non-REM,Non-REM,Non-REM,False
1348,Non-REM,Non-REM,Non-REM,Non-REM,False
1349,Non-REM,Non-REM,Non-REM,Non-REM,False
1350,Non-REM,Non-REM,Non-REM,Non-REM,False
1351,Non-REM,Non-REM,Non-REM,Non-REM,False
1352,Non-REM,Non-REM,Non-REM,Non-REM,False
1353,Non-REM,Non-REM,Non-REM,Non-REM,False
1354,Non-REM,Non-REM,Non-REM,Non-REM,False
1355,Non-REM,Non-REM,REM,Non-REM,False
1356,Non-REM,Non-REM,Non-REM,Non-REM,False
1357,Non-REM,Non-REM,Non-REM,Non-REM,False
1358,Non-REM,Non-REM,Non-REM,Non-REM,False
1359,Non-REM,Non-REM,Non-REM,Non-REM,False
1360,Non-REM,Non-REM,Non-REM,Non-REM,False
1361,Non-REM,Non-REM,Non-REM,Non-REM,False
1362,Non-REM,Non-REM,Non-REM,Non-REM,False
1363,Non-REM,Non-REM,Non-REM,Non-REM,False
1364,REM,REM,Non-REM,REM,False
1365,Non-REM,Non-REM,Non-REM,Non-REM,False
1366,Non-REM,Non-REM,Non-REM,Non-REM,False
1367,Non-REM,Non-REM,REM,Non-REM,False
1368,Non-REM,Non-REM,REM,Non-REM,False
1369,Non-REM,Non-REM,Non-REM,Non-REM,False
1370,Non-REM,Non-REM,Non-REM,Non-REM,False
1371,Non-REM,Non-REM,Non-REM,Non-REM,False
1372,Non-REM,Non-REM,Non-REM,Non-REM,False
1373,Non-REM,Non-REM,Non-REM,Non-REM,False
1374,Non-REM,Non-REM,Non-REM,Non-REM,False
1375,Non-REM,Non-REM,Non-REM,Non-REM,False
1376,Non-REM,Non-REM,REM,Non-REM,False
1377,Non-REM,Non-REM,REM,Non-REM,False
1378,Non-REM,Non-REM,Non-REM,Non-REM,False
1379,Non-REM,Non-REM,Non-REM,Non-REM,False
1380,Non-REM,Non-REM,Non-REM,Non-REM,False
1381,Non-REM,Non-REM,REM,Non-REM,False
1382,Non-REM,Non-REM,Non-REM,Non-REM,False
1383,Non-REM,Non-REM,Non-REM,Non-REM,False
1384,REM,REM,Non-REM,REM,False
1385,Non-REM,Non-REM,Non-REM,Non-REM,False
1386,REM,REM,Non-REM,REM,False
1387,Non-REM,Non-REM,Non-REM,Non-REM,False
1388,Non-REM,Non-REM,Non-REM,Non-REM,False
1389,Non-REM,Non-REM,Non-REM,Non-REM,False
1390,Non-REM,Non-REM,Non-REM,Non-REM,False
1391,Non-REM,Non-REM,Non-REM,Non-REM,False
1392,Non-REM,Non-REM,Non-REM,Non-REM,False
1393,Non-REM,Non-REM,REM,Non-REM,False
1394,Non-REM,Non-REM,Non-REM,Non-REM,False
1395,Non-REM,Non-REM,Non-REM,Non-REM,False
1396,Non-REM,Non-REM,Non-REM,Non-REM,False
1397,Non-REM,Non-REM,Non-REM,Non-REM,False
1398,Non-REM,Non-REM,Non-REM,Non-REM,False
1399,Non-REM,Non-REM,Non-REM,Non-REM,False
1400,Non-REM,Non-REM,Non-REM,Non-REM,False
1401,Non-REM,Non-REM,Non-REM,Non-REM,False
1402,Non-REM,Non-REM,Non-REM,Non-REM,False
1403,Non-REM,Non-REM,REM,Non-REM,False
1404,Non-REM,Non-REM,REM,Non-REM,False
1405,Non-REM,Non-REM,Non-REM,Non-REM,False
1406,Non-REM,Non-REM,REM,Non-REM,False
1407,Non-REM,Non-REM,REM,Non-REM,False
1408,Non-REM,Non-REM,Non-REM,Non-REM,False
1409,Non-REM,Non-REM,REM,Non-REM,False
1410,REM,REM,REM,REM,False
1411,Non-REM,Non-REM,REM,Non-REM,False
1412,REM,REM,Non-REM,REM,False
1413,Non-REM,Non-REM,REM,Non-REM,False
1414,Non-REM,Non-REM,Non-REM,Non-REM,False
1415,Non-REM,Non-REM,REM,Non-REM,False
1416,Non-REM,Non-REM,Non-REM,Non-REM,False
1417,Non-REM,Non-REM,Non-REM,Non-REM,False
1418,Non-REM,Non-REM,Non-REM,Non-REM,False
1419,Non-REM,Non-REM,REM,Non-REM,False
1420,Non-REM,Non-REM,REM,Non-REM,False
1421,Non-REM,Non-REM,Non-REM,Non-REM,False
1422,Non-REM,Non-REM,Non-REM,Non-REM,False
1423,Non-REM,Non-REM,Non-REM,Non-REM,False
1424,Non-REM,Non-REM,Non-REM,Non-REM,False
1425,Non-REM,Non-REM,REM,Non-REM,False
1426,Non-REM,Non-REM,REM,Non-REM,False
1427,Non-REM,Non-REM,Non-REM,Non-REM,False
1428,Non-REM,Non-REM,Non-REM,Non-REM,False
1429,Non-REM,Non-REM,REM,Non-REM,False
1430,Non-REM,Non-REM,Non-REM,Non-REM,False
1431,Non-REM,Non-REM,Non-REM,Non-REM,False
1432,REM,REM,REM,REM,False
1433,Non-REM,Non-REM,Non-REM,Non-REM,False
1434,Non-REM,Non-REM,Non-REM,Non-REM,False
1435,Non-REM,Non-REM,Non-REM,Non-REM,False
1436,Non-REM,Non-REM,Non-REM,Non-REM,False
1437,Non-REM,Non-REM,Non-REM,Non-REM,False
1438,Non-REM,Non-REM,REM,Non-REM,False
1439,Non-REM,Non-REM,Non-REM,Non-REM,False
1440,Non-REM,Non-REM,Non-REM,Non-REM,False
1441,Non-REM,Non-REM,Non-REM,Non-REM,False
1442,Non-REM,Non-REM,REM,Non-REM,False
1443,Non-REM,Non-REM,Non-REM,Non-REM,False
1444,Non-REM,Non-REM,Non-REM,Non-REM,False
1445,Non-REM,Non-REM,REM,Non-REM,False
1446,Non-REM,Non-REM,Non-REM,Non-REM,False
1447,Non-REM,Non-REM,Non-REM,Non-REM,False
1448,Non-REM,Non-REM,Non-REM,Non-REM,False
1449,Non-REM,Non-REM,Non-REM,Non-REM,False
1450,Non-REM,Non-REM,Non-REM,Non-REM,False
1451,Non-REM,Non-REM,REM,Non-REM,False
1452,Non-REM,Non-REM,Non-REM,Non-REM,False
1453,Non-REM,Non-REM,Non-REM,Non-REM,False
1454,Non-REM,Non-REM,Non-REM,Non-REM,False
1455,Non-REM,Non-REM,REM,Non-REM,False
1456,Non-REM,Non-REM,Non-REM,Non-REM,False
1457,Non-REM,Non-REM,Non-REM,Non-REM,False
1458,Non-REM,Non-REM,Non-REM,Non-REM,False
1459,Non-REM,Non-REM,REM,Non-REM,False
1460,Non-REM,Non-REM,REM,Non-REM,False
1461,Non-REM,Non-REM,REM,Non-REM,False
1462,Non-REM,Non-REM,Non-REM,Non-REM,False
1463,Non-REM,Non-REM,Non-REM,Non-REM,False
1464,Non-REM,Non-REM,Non-REM,Non-REM,False
1465,Non-REM,Non-REM,Non-REM,Non-REM,False
1466,Non-REM,Non-REM,Non-REM,Non-REM,False
1467,Non-REM,Non-REM,Non-REM,Non-REM,False
1468,Non-REM,Non-REM,Non-REM,Non-REM,False
1469,Non-REM,Non-REM,Non-REM,Non-REM,False
1470,Non-REM,Non-REM,Non-REM,Non-REM,False
1471,Non-REM,Non-REM,REM,Non-REM,False
1472,Non-REM,Non-REM,REM,Non-REM,False
1473,Non-REM,Non-REM,Non-REM,Non-REM,False
1474,Non-REM,Non-REM,REM,Non-REM,False
1475,Non-REM,Non-REM,REM,REM,True
1476,Non-REM,Non-REM,Non-REM,Non-REM,False
1477,Non-REM,Non-REM,Non-REM,Non-REM,False
1478,Non-REM,Non-REM,Non-REM,Non-REM,False
1479,Non-REM,Non-REM,Non-REM,Non-REM,False
1480,Non-REM,Non-REM,Non-REM,Non-REM,False
1481,Non-REM,Non-REM,REM,Non-REM,False
1482,Non-REM,Non-REM,Non-REM,Non-REM,False
1483,Non-REM,Non-REM,REM,Non-REM,False
1484,Non-REM,Non-REM,REM,Non-REM,False
1485,Non-REM,Non-REM,Non-REM,Non-REM,False
1486,Non-REM,Non-REM,Non-REM,Non-REM,False
1487,Non-REM,Non-REM,Non-REM,Non-REM,False
1488,Non-REM,Non-REM,Non-REM,Non-REM,False
1489,Non-REM,Non-REM,Non-REM,Non-REM,False
1490,Non-REM,Non-REM,Non-REM,Non-REM,False
1491,Non-REM,Non-REM,Non-REM,Non-REM,False
1492,Non-REM,Non-REM,Non-REM,Non-REM,False
1493,Non-REM,Non-REM,Non-REM,Non-REM,False
1494,Non-REM,Non-REM,Non-REM,Non-REM,False
1495,Non-REM,Non-REM,Non-REM,Non-REM,False
1496,Non-REM,Non-REM,REM,Non-REM,False
1497,Non-REM,Non-REM,Non-REM,Non-REM,False
1498,Non-REM,Non-REM,Non-REM,Non-REM,False
1499,Non-REM,Non-REM,Non-REM,Non-REM,False
1500,Non-REM,Non-REM,Non-REM,Non-REM,False
1501,Non-REM,Non-REM,Non-REM,Non-REM,False
1502,Non-REM,Non-REM,Non-REM,Non-REM,False
1503,Non-REM,Non-REM,Non-REM,Non-REM,False
1504,Non-REM,Non-REM,Non-REM,Non-REM,False
1505,Non-REM,Non-REM,Non-REM,Non-REM,False
1506,Non-REM,Non-REM,Non-REM,Non-REM,False
1507,Non-REM,Non-REM,REM,Non-REM,False
1508,Non-REM,Non-REM,Non-REM,Non-REM,False
1509,Non-REM,Non-REM,Non-REM,Non-REM,False
1510,Non-REM,Non-REM,REM,Non-REM,False
1511,Non-REM,Non-REM,Non-REM,Non-REM,False
1512,Non-REM,Non-REM,REM,Non-REM,False
1513,Non-REM,Non-REM,Non-REM,Non-REM,False
1514,Non-REM,Non-REM,Non-REM,Non-REM,False
1515,Non-REM,Non-REM,Non-REM,Non-REM,False
1516,Non-REM,Non-REM,Non-REM,Non-REM,False
1517,Non-REM,Non-REM,Non-REM,Non-REM,False
1518,Non-REM,Non-REM,Non-REM,Non-REM,False
1519,Non-REM,Non-REM,Non-REM,Non-REM,False
1520,REM,REM,Non-REM,REM,False
1521,Non-REM,Non-REM,REM,Non-REM,False
1522,REM,REM,Non-REM,REM,False
1523,Non-REM,Non-REM,Non-REM,Non-REM,False
1524,REM,REM,Non-REM,REM,False
1525,Non-REM,Non-REM,REM,Non-REM,False
1526,Non-REM,Non-REM,REM,Non-REM,False
1527,Non-REM,Non-REM,REM,Non-REM,False
1528,Non-REM,Non-REM,Non-REM,Non-REM,False
1529,Non-REM,Non-REM,REM,Non-REM,False
1530,Non-REM,Non-REM,Non-REM,Non-REM,False
1531,Non-REM,Non-REM,REM,Non-REM,False
1532,Non-REM,Non-REM,Non-REM,Non-REM,False
1533,Non-REM,Non-REM,Non-REM,Non-REM,False
1534,Non-REM,Non-REM,Non-REM,Non-REM,False
1535,Non-REM,Non-REM,REM,Non-REM,False
1536,REM,REM,REM,REM,False
